{
  "definitions": [
    {
      "title": "SKI ISA Safety",
      "id": "ski-isa-safety",
      "plugins": {
        "xwalk": {
          "page": {
            "resourceType": "core/franklin/components/block/v1/block",
            "template": {
              "name": "Ski Isa Safety",
              "model": "ski-isa-safety",
              "filter": "ski-isa-safety"
            }
          }
        }
      }
    }
  ],
  "models": [
    {
      "id": "ski-isa-safety",
      "fields": [
        {
          "component": "richtext",
          "valueType": "string",
          "name": "title",
          "label": "Title",
          "description": "Safety section main title"
        }
      ]
    },
    {
      "id": "ski-isa-safety-section",
      "fields": [
        {
          "component": "text",
          "valueType": "string",
          "name": "title",
          "label": "Section Title",
          "description": "e.g., Hypersensitivity Reactions, Infection"
        },
        {
          "component": "richtext",
          "valueType": "string",
          "name": "content",
          "label": "Section Content",
          "description": "Safety information content"
        }
      ]
    }
  ],
  "filters": [
    {
      "id": "ski-isa-safety",
      "components": ["ski-isa-safety-section"]
    }
  ]
}
