{
  "definitions": [
    {
      "title": "SKI ISI Support",
      "id": "ski-isi-support",
      "plugins": {
        "xwalk": {
          "page": {
            "resourceType": "core/franklin/components/block/v1/block",
            "template": {
              "name": "Ski Isi Support",
              "model": "ski-isi-support",
              "filter": "ski-isi-support"
            }
          }
        }
      }
    }
  ],
  "models": [
    {
      "id": "ski-isi-support",
      "fields": [
        {
          "component": "richtext",
          "valueType": "string",
          "name": "title",
          "label": "Title"
        },
        {
          "component": "richtext",
          "valueType": "string",
          "name": "ctaText",
          "label": "CTA Text"
        },
        {
          "component": "aem-content",
          "name": "ctaLink",
          "label": "CTA Link"
        },
        {
          "component": "richtext",
          "valueType": "string",
          "name": "footnotes",
          "label": "Footnotes"
        }
      ]
    },
    {
      "id": "ski-isi-support-card",
      "fields": [
        {
          "component": "text",
          "valueType": "string",
          "name": "icon",
          "label": "Icon Key",
          "description": "$5, support, or bridge"
        },
        {
          "component": "text",
          "valueType": "string",
          "name": "title",
          "label": "Card Title"
        },
        {
          "component": "richtext",
          "valueType": "string",
          "name": "description",
          "label": "Description"
        }
      ]
    }
  ],
  "filters": [
    {
      "id": "ski-isi-support",
      "components": ["ski-isi-support-card"]
    }
  ]
}
