{
  "definitions": [
    {
      "title": "SKI ISI Coverage",
      "id": "ski-isi-coverage",
      "plugins": {
        "xwalk": {
          "page": {
            "resourceType": "core/franklin/components/block/v1/block",
            "template": {
              "name": "Ski Isi Coverage",
              "model": "ski-isi-coverage"
            }
          }
        }
      }
    }
  ],
  "models": [
    {
      "id": "ski-isi-coverage",
      "fields": [
        {
          "component": "richtext",
          "valueType": "string",
          "name": "title",
          "label": "Title"
        },
        {
          "component": "text",
          "valueType": "string",
          "name": "tab1",
          "label": "Tab 1",
          "value": "Overview"
        },
        {
          "component": "text",
          "valueType": "string",
          "name": "tab2",
          "label": "Tab 2",
          "value": "National"
        },
        {
          "component": "text",
          "valueType": "string",
          "name": "tab3",
          "label": "Tab 3",
          "value": "Local"
        },
        {
          "component": "text",
          "valueType": "string",
          "name": "commercialLabel",
          "label": "Commercial Label",
          "value": "Commercial"
        },
        {
          "component": "text",
          "valueType": "string",
          "name": "commercialValue",
          "label": "Commercial Value",
          "description": "e.g., 99%"
        },
        {
          "component": "richtext",
          "valueType": "string",
          "name": "commercialDesc",
          "label": "Commercial Description"
        },
        {
          "component": "text",
          "valueType": "string",
          "name": "medicareLabel",
          "label": "Medicare Label",
          "value": "Medicare Part D"
        },
        {
          "component": "text",
          "valueType": "string",
          "name": "medicareValue",
          "label": "Medicare Value"
        },
        {
          "component": "richtext",
          "valueType": "string",
          "name": "medicareDesc",
          "label": "Medicare Description"
        },
        {
          "component": "richtext",
          "valueType": "string",
          "name": "footnote",
          "label": "Footnote"
        }
      ]
    }
  ],
  "filters": []
}
