{
  "definitions": [
    {
      "title": "ISI (Important Safety Information)",
      "id": "isi",
      "plugins": {
        "xwalk": {
          "page": {
            "resourceType": "core/franklin/components/block/v1/block",
            "template": {
              "name": "ISI",
              "filter": "isi"
            }
          }
        }
      }
    },
    {
      "title": "ISI Section",
      "id": "isi-section",
      "plugins": {
        "xwalk": {
          "page": {
            "resourceType": "core/franklin/components/block/v1/block/item",
            "template": {
              "name": "ISI Section",
              "model": "isi-section"
            }
          }
        }
      }
    }
  ],
  "models": [
    {
      "id": "isi-section",
      "fields": [
        {
          "component": "text",
          "valueType": "string",
          "name": "title",
          "label": "Section Title",
          "description": "Safety information section title (e.g., Tumor Lysis Syndrome)"
        },
        {
          "component": "richtext",
          "valueType": "string",
          "name": "content",
          "label": "Section Content",
          "description": "Detailed safety information content"
        }
      ]
    }
  ],
  "filters": [
    {
      "id": "isi",
      "components": [
        "isi-section"
      ]
    }
  ]
}
