{
  "definitions": [
    {
      "title": "SKI ISA Indications",
      "id": "ski-isa-indications",
      "plugins": {
        "xwalk": {
          "page": {
            "resourceType": "core/franklin/components/block/v1/block",
            "template": {
              "name": "Ski Isa Indications",
              "model": "ski-isa-indications",
              "filter": "ski-isa-indications"
            }
          }
        }
      }
    }
  ],
  "models": [
    {
      "id": "ski-isa-indications",
      "fields": [
        {
          "component": "text",
          "valueType": "string",
          "name": "title",
          "label": "Title",
          "value": "Indications"
        },
        {
          "component": "richtext",
          "valueType": "string",
          "name": "piLink",
          "label": "PI Link Text",
          "description": "Prescribing Information link text"
        },
        {
          "component": "aem-content",
          "name": "piUrl",
          "label": "PI Link URL",
          "description": "URL to Full Prescribing Information PDF"
        }
      ]
    },
    {
      "id": "ski-isa-indication-item",
      "fields": [
        {
          "component": "text",
          "valueType": "string",
          "name": "condition",
          "label": "Condition",
          "description": "e.g., Plaque Psoriasis, Psoriatic Arthritis"
        },
        {
          "component": "richtext",
          "valueType": "string",
          "name": "description",
          "label": "Description",
          "description": "Indication description text"
        }
      ]
    }
  ],
  "filters": [
    {
      "id": "ski-isa-indications",
      "components": ["ski-isa-indication-item"]
    }
  ]
}
