{
  "definitions": [
    {
      "title": "SKI ISA Navigation",
      "id": "ski-isa-nav",
      "plugins": {
        "xwalk": {
          "page": {
            "resourceType": "core/franklin/components/block/v1/block",
            "template": {
              "name": "Ski Isa Nav",
              "filter": "ski-isa-nav"
            }
          }
        }
      }
    }
  ],
  "models": [
    {
      "id": "ski-isa-nav-item",
      "fields": [
        {
          "component": "text",
          "valueType": "string",
          "name": "label",
          "label": "Label",
          "description": "Navigation item label (e.g., OVERVIEW, DOSING)"
        },
        {
          "component": "aem-content",
          "name": "link",
          "label": "Link",
          "description": "Navigation item URL"
        },
        {
          "component": "boolean",
          "name": "isActive",
          "label": "Active",
          "description": "Mark as current/active page"
        }
      ]
    }
  ],
  "filters": [
    {
      "id": "ski-isa-nav",
      "components": ["ski-isa-nav-item"]
    }
  ]
}
