{
  "definitions": [
    {
      "title": "Stats",
      "id": "stats",
      "plugins": {
        "xwalk": {
          "page": {
            "resourceType": "core/franklin/components/block/v1/block",
            "template": {
              "name": "Stats",
              "filter": "stats"
            }
          }
        }
      }
    },
    {
      "title": "Stat Item",
      "id": "stat-item",
      "plugins": {
        "xwalk": {
          "page": {
            "resourceType": "core/franklin/components/block/v1/block/item",
            "template": {
              "name": "Stat Item",
              "model": "stat-item"
            }
          }
        }
      }
    }
  ],
  "models": [
    {
      "id": "stat-item",
      "fields": [
        {
          "component": "text",
          "valueType": "string",
          "name": "label",
          "label": "Label",
          "description": "Treatment or comparator name (e.g., VEN+AZA)"
        },
        {
          "component": "text",
          "valueType": "string",
          "name": "value",
          "label": "Value",
          "description": "Statistical value (e.g., 14.7 months)"
        },
        {
          "component": "text",
          "valueType": "string",
          "name": "confidenceInterval",
          "label": "Confidence Interval",
          "description": "CI range (e.g., 95% CI: 11.9, 18.7)"
        }
      ]
    }
  ],
  "filters": [
    {
      "id": "stats",
      "components": [
        "stat-item"
      ]
    }
  ]
}
