{
  "definitions": [
    {
      "title": "SKI ISA Support",
      "id": "ski-isa-support",
      "plugins": {
        "xwalk": {
          "page": {
            "resourceType": "core/franklin/components/block/v1/block",
            "template": {
              "name": "Ski Isa Support",
              "model": "ski-isa-support",
              "filter": "ski-isa-support"
            }
          }
        }
      }
    }
  ],
  "models": [
    {
      "id": "ski-isa-support",
      "fields": [
        {
          "component": "richtext",
          "valueType": "string",
          "name": "title",
          "label": "Title",
          "description": "Section title (e.g., Encourage your patients to enroll in)"
        },
        {
          "component": "richtext",
          "valueType": "string",
          "name": "ctaText",
          "label": "CTA Text",
          "description": "Call to action button text"
        },
        {
          "component": "aem-content",
          "name": "ctaLink",
          "label": "CTA Link"
        },
        {
          "component": "richtext",
          "valueType": "string",
          "name": "footnotes",
          "label": "Footnotes",
          "description": "Legal footnotes and disclaimers"
        }
      ]
    },
    {
      "id": "ski-isa-support-card",
      "fields": [
        {
          "component": "reference",
          "valueType": "string",
          "name": "icon",
          "label": "Icon",
          "description": "Card icon image",
          "multi": false
        },
        {
          "component": "text",
          "valueType": "string",
          "name": "title",
          "label": "Card Title",
          "description": "e.g., AFFORDABILITY"
        },
        {
          "component": "richtext",
          "valueType": "string",
          "name": "description",
          "label": "Description",
          "description": "Card description text"
        }
      ]
    }
  ],
  "filters": [
    {
      "id": "ski-isa-support",
      "components": ["ski-isa-support-card"]
    }
  ]
}
