{
  "definitions": [
    {
      "title": "SKI ISI Chart",
      "id": "ski-isi-chart",
      "plugins": {
        "xwalk": {
          "page": {
            "resourceType": "core/franklin/components/block/v1/block",
            "template": {
              "name": "Ski Isi Chart",
              "model": "ski-isi-chart",
              "filter": "ski-isi-chart"
            }
          }
        }
      }
    }
  ],
  "models": [
    {
      "id": "ski-isi-chart",
      "fields": [
        {
          "component": "richtext",
          "valueType": "string",
          "name": "title",
          "label": "Chart Title"
        }
      ]
    },
    {
      "id": "ski-isi-chart-data",
      "fields": [
        {
          "component": "text",
          "valueType": "string",
          "name": "label",
          "label": "Data Label"
        },
        {
          "component": "text",
          "valueType": "string",
          "name": "value",
          "label": "Value (e.g., 75%)"
        },
        {
          "component": "text",
          "valueType": "string",
          "name": "color",
          "label": "Bar Color",
          "value": "#10a4de"
        }
      ]
    }
  ],
  "filters": [
    {
      "id": "ski-isi-chart",
      "components": ["ski-isi-chart-data"]
    }
  ]
}
