{
  "definitions": [
    {
      "title": "SKI ISI Cards",
      "id": "ski-isi-cards",
      "plugins": {
        "xwalk": {
          "page": {
            "resourceType": "core/franklin/components/block/v1/block",
            "template": {
              "name": "Ski Isi Cards",
              "filter": "ski-isi-cards"
            }
          }
        }
      }
    }
  ],
  "models": [
    {
      "id": "ski-isi-card-item",
      "fields": [
        {
          "component": "reference",
          "valueType": "string",
          "name": "image",
          "label": "Card Image",
          "multi": false
        },
        {
          "component": "text",
          "valueType": "string",
          "name": "title",
          "label": "Title"
        },
        {
          "component": "richtext",
          "valueType": "string",
          "name": "description",
          "label": "Description"
        },
        {
          "component": "aem-content",
          "name": "link",
          "label": "Link"
        }
      ]
    }
  ],
  "filters": [
    {
      "id": "ski-isi-cards",
      "components": ["ski-isi-card-item"]
    }
  ]
}
