{
  "definitions": [
    {
      "title": "Title",
      "id": "title",
      "plugins": {
        "xwalk": {
          "page": {
            "resourceType": "core/franklin/components/title/v1/title",
            "template": {
              "model": "title"
            }
          }
        }
      }
    }
  ],
  "models": [
    {
      "id": "title",
      "fields": [
        {
          "component": "text",
          "name": "title",
          "label": "Title"
        },
        {
          "component": "select",
          "name": "titleType",
          "label": "Title Type",
          "options": [
            {
              "name": "h1",
              "value": "h1"
            },
            {
              "name": "h2",
              "value": "h2"
            },
            {
              "name": "h3",
              "value": "h3"
            },
            {
              "name": "h4",
              "value": "h4"
            },
            {
              "name": "h5",
              "value": "h5"
            },
            {
              "name": "h6",
              "value": "h6"
            }
          ]
        }
      ]
    }
  ]
}
