{
  "definitions": [
    {
      "title": "SKI ISI Efficacy",
      "id": "ski-isi-efficacy",
      "plugins": {
        "xwalk": {
          "page": {
            "resourceType": "core/franklin/components/block/v1/block",
            "template": {
              "name": "Ski Isi Efficacy",
              "model": "ski-isi-efficacy",
              "filter": "ski-isi-efficacy"
            }
          }
        }
      }
    }
  ],
  "models": [
    {
      "id": "ski-isi-efficacy",
      "fields": [
        {
          "component": "richtext",
          "valueType": "string",
          "name": "title",
          "label": "Title",
          "description": "Section title"
        },
        {
          "component": "richtext",
          "valueType": "string",
          "name": "footnote",
          "label": "Footnote"
        }
      ]
    },
    {
      "id": "ski-isi-efficacy-item",
      "fields": [
        {
          "component": "text",
          "valueType": "string",
          "name": "label",
          "label": "Label",
          "description": "e.g., PASI 90"
        },
        {
          "component": "text",
          "valueType": "string",
          "name": "value",
          "label": "Value",
          "description": "e.g., 75%"
        },
        {
          "component": "richtext",
          "valueType": "string",
          "name": "description",
          "label": "Description"
        }
      ]
    }
  ],
  "filters": [
    {
      "id": "ski-isi-efficacy",
      "components": ["ski-isi-efficacy-item"]
    }
  ]
}
