{
  "definitions": [
    {
      "title": "Tabs",
      "id": "tabs",
      "plugins": {
        "xwalk": {
          "page": {
            "resourceType": "core/franklin/components/block/v1/block",
            "template": {
              "name": "Tabs",
              "filter": "tabs"
            }
          }
        }
      }
    },
    {
      "title": "Tab",
      "id": "tab",
      "plugins": {
        "xwalk": {
          "page": {
            "resourceType": "core/franklin/components/block/v1/block/item",
            "template": {
              "name": "Tab",
              "model": "tab"
            }
          }
        }
      }
    }
  ],
  "models": [
    {
      "id": "tab",
      "fields": [
        {
          "component": "text",
          "valueType": "string",
          "name": "title",
          "label": "Tab Title",
          "description": "The label shown on the tab button"
        },
        {
          "component": "richtext",
          "valueType": "string",
          "name": "content",
          "label": "Tab Content",
          "description": "Content displayed when this tab is active"
        }
      ]
    }
  ],
  "filters": [
    {
      "id": "tabs",
      "components": [
        "tab"
      ]
    }
  ]
}
