{
  "definitions": [
    {
      "title": "Section",
      "id": "section",
      "plugins": {
        "xwalk": {
          "page": {
            "resourceType": "core/franklin/components/section/v1/section",
            "template": {
              "model": "section"
            }
          }
        }
      }
    }
  ],
  "models": [
    {
      "id": "section",
      "fields": [
        {
          "component": "text",
          "name": "name",
          "label": "Section Name",
          "description": "The label shown for this section in the Content Tree"
        },
        {
          "component": "multiselect",
          "name": "style",
          "label": "Style",
          "options": [
            {
              "name": "Highlight",
              "value": "highlight"
            }
          ]
        }
      ]
    }
  ],
  "filters": [
    {
      "id": "section",
      "components": [
        "text",
        "image",
        "button",
        "title",
        "hero",
        "cards",
        "columns",
        "fragment"
      ]
    }
  ]
}
