{
  "definitions": [
    {
      "title": "SKI ISI Tabs",
      "id": "ski-isi-tabs",
      "plugins": {
        "xwalk": {
          "page": {
            "resourceType": "core/franklin/components/block/v1/block",
            "template": {
              "name": "Ski Isi Tabs",
              "filter": "ski-isi-tabs"
            }
          }
        }
      }
    }
  ],
  "models": [
    {
      "id": "ski-isi-tab-item",
      "fields": [
        {
          "component": "text",
          "valueType": "string",
          "name": "label",
          "label": "Tab Label"
        },
        {
          "component": "richtext",
          "valueType": "string",
          "name": "content",
          "label": "Tab Content"
        }
      ]
    }
  ],
  "filters": [
    {
      "id": "ski-isi-tabs",
      "components": ["ski-isi-tab-item"]
    }
  ]
}
