{
  "definitions": [
    {
      "title": "SKI ISI Hero",
      "id": "ski-isi-hero",
      "plugins": {
        "xwalk": {
          "page": {
            "resourceType": "core/franklin/components/block/v1/block",
            "template": {
              "name": "Ski Isi Hero",
              "model": "ski-isi-hero",
              "filter": "ski-isi-hero"
            }
          }
        }
      }
    }
  ],
  "models": [
    {
      "id": "ski-isi-hero",
      "fields": [
        {
          "component": "reference",
          "valueType": "string",
          "name": "logo",
          "label": "Logo Image",
          "description": "SKYRIZI brand logo",
          "multi": false
        }
      ]
    },
    {
      "id": "ski-isi-hero-isi-line",
      "fields": [
        {
          "component": "text",
          "valueType": "string",
          "name": "toggleText",
          "label": "Toggle Text",
          "description": "Text for toggle button (e.g., Tap here)"
        },
        {
          "component": "richtext",
          "valueType": "string",
          "name": "isiContent",
          "label": "ISI Content",
          "description": "Important Safety Information text"
        }
      ]
    }
  ],
  "filters": [
    {
      "id": "ski-isi-hero",
      "components": ["ski-isi-hero-isi-line"]
    }
  ]
}
