{
  "groups": [
    {
      "title": "Default Content",
      "id": "default",
      "components": [
        {
          "title": "Text",
          "id": "text",
          "plugins": {
            "xwalk": {
              "page": {
                "resourceType": "core/franklin/components/text/v1/text",
                "template": {}
              }
            }
          }
        },
        {
          "title": "Title",
          "id": "title",
          "plugins": {
            "xwalk": {
              "page": {
                "resourceType": "core/franklin/components/title/v1/title",
                "template": {
                  "model": "title"
                }
              }
            }
          }
        },
        {
          "title": "Image",
          "id": "image",
          "plugins": {
            "xwalk": {
              "page": {
                "resourceType": "core/franklin/components/image/v1/image",
                "template": {}
              }
            }
          }
        },
        {
          "title": "Button",
          "id": "button",
          "plugins": {
            "xwalk": {
              "page": {
                "resourceType": "core/franklin/components/button/v1/button",
                "template": {
                  "model": "button"
                }
              }
            }
          }
        }
      ]
    },
    {
      "title": "Sections",
      "id": "sections",
      "components": [
        {
          "title": "Section",
          "id": "section",
          "plugins": {
            "xwalk": {
              "page": {
                "resourceType": "core/franklin/components/section/v1/section",
                "template": {
                  "model": "section"
                }
              }
            }
          }
        }
      ]
    },
    {
      "title": "Blocks",
      "id": "blocks",
      "components": [
        {
          "title": "Cards",
          "id": "cards",
          "plugins": {
            "xwalk": {
              "page": {
                "resourceType": "core/franklin/components/block/v1/block",
                "template": {
                  "name": "Cards",
                  "filter": "cards"
                }
              }
            }
          }
        },
        {
          "title": "Card",
          "id": "card",
          "plugins": {
            "xwalk": {
              "page": {
                "resourceType": "core/franklin/components/block/v1/block/item",
                "template": {
                  "name": "Card",
                  "model": "card"
                }
              }
            }
          }
        },
        {
          "title": "Columns",
          "id": "columns",
          "plugins": {
            "xwalk": {
              "page": {
                "resourceType": "core/franklin/components/columns/v1/columns",
                "template": {
                  "columns": "2",
                  "rows": "1"
                }
              }
            }
          }
        },
        {
          "title": "Fragment",
          "id": "fragment",
          "plugins": {
            "xwalk": {
              "page": {
                "resourceType": "core/franklin/components/block/v1/block",
                "template": {
                  "name": "Fragment",
                  "model": "fragment"
                }
              }
            }
          }
        },
        {
          "title": "Hero",
          "id": "hero",
          "plugins": {
            "xwalk": {
              "page": {
                "resourceType": "core/franklin/components/block/v1/block",
                "template": {
                  "name": "Hero",
                  "model": "hero"
                }
              }
            }
          }
        },
        {
          "title": "Stats",
          "id": "stats",
          "plugins": {
            "xwalk": {
              "page": {
                "resourceType": "core/franklin/components/block/v1/block",
                "template": {
                  "name": "Stats",
                  "filter": "stats"
                }
              }
            }
          }
        },
        {
          "title": "Stat Item",
          "id": "stat-item",
          "plugins": {
            "xwalk": {
              "page": {
                "resourceType": "core/franklin/components/block/v1/block/item",
                "template": {
                  "name": "Stat Item",
                  "model": "stat-item"
                }
              }
            }
          }
        },
        {
          "title": "Tabs",
          "id": "tabs",
          "plugins": {
            "xwalk": {
              "page": {
                "resourceType": "core/franklin/components/block/v1/block",
                "template": {
                  "name": "Tabs",
                  "filter": "tabs"
                }
              }
            }
          }
        },
        {
          "title": "Tab",
          "id": "tab",
          "plugins": {
            "xwalk": {
              "page": {
                "resourceType": "core/franklin/components/block/v1/block/item",
                "template": {
                  "name": "Tab",
                  "model": "tab"
                }
              }
            }
          }
        },
        {
          "title": "ISI (Important Safety Information)",
          "id": "isi",
          "plugins": {
            "xwalk": {
              "page": {
                "resourceType": "core/franklin/components/block/v1/block",
                "template": {
                  "name": "ISI",
                  "filter": "isi"
                }
              }
            }
          }
        },
        {
          "title": "ISI Section",
          "id": "isi-section",
          "plugins": {
            "xwalk": {
              "page": {
                "resourceType": "core/franklin/components/block/v1/block/item",
                "template": {
                  "name": "ISI Section",
                  "model": "isi-section"
                }
              }
            }
          }
        }
      ]
    },
    {
      "title": "Navigation",
      "id": "navigation",
      "components": [
        {
          "title": "Navigation",
          "id": "navigation",
          "plugins": {
            "xwalk": {
              "page": {
                "resourceType": "core/franklin/components/block/v1/block",
                "template": {
                  "name": "Navigation",
                  "model": "navigation",
                  "filter": "navigation"
                }
              }
            }
          }
        },
        {
          "title": "Nav Item",
          "id": "nav-item",
          "plugins": {
            "xwalk": {
              "page": {
                "resourceType": "core/franklin/components/block/v1/block/item",
                "template": {
                  "name": "Nav Item",
                  "model": "nav-item"
                }
              }
            }
          }
        },
        {
          "title": "Utility Nav Item",
          "id": "utility-nav",
          "plugins": {
            "xwalk": {
              "page": {
                "resourceType": "core/franklin/components/block/v1/block/item",
                "template": {
                  "name": "Utility Nav",
                  "model": "utility-nav"
                }
              }
            }
          }
        }
      ]
    },
    {
      "title": "SKYRIZI ISA Blocks",
      "id": "ski-isa-blocks",
      "components": [
        {
          "title": "SKI ISA Hero",
          "id": "ski-isa-hero",
          "plugins": {
            "xwalk": {
              "page": {
                "resourceType": "core/franklin/components/block/v1/block",
                "template": {
                  "name": "Ski Isa Hero",
                  "model": "ski-isa-hero"
                }
              }
            }
          }
        },
        {
          "title": "SKI ISA Coverage",
          "id": "ski-isa-coverage",
          "plugins": {
            "xwalk": {
              "page": {
                "resourceType": "core/franklin/components/block/v1/block",
                "template": {
                  "name": "Ski Isa Coverage",
                  "model": "ski-isa-coverage"
                }
              }
            }
          }
        },
        {
          "title": "SKI ISA Support",
          "id": "ski-isa-support",
          "plugins": {
            "xwalk": {
              "page": {
                "resourceType": "core/franklin/components/block/v1/block",
                "template": {
                  "name": "Ski Isa Support",
                  "model": "ski-isa-support",
                  "filter": "ski-isa-support"
                }
              }
            }
          }
        },
        {
          "title": "SKI ISA Support Card",
          "id": "ski-isa-support-card",
          "plugins": {
            "xwalk": {
              "page": {
                "resourceType": "core/franklin/components/block/v1/block/item",
                "template": {
                  "name": "Ski Isa Support Card",
                  "model": "ski-isa-support-card"
                }
              }
            }
          }
        },
        {
          "title": "SKI ISA Safety",
          "id": "ski-isa-safety",
          "plugins": {
            "xwalk": {
              "page": {
                "resourceType": "core/franklin/components/block/v1/block",
                "template": {
                  "name": "Ski Isa Safety",
                  "model": "ski-isa-safety",
                  "filter": "ski-isa-safety"
                }
              }
            }
          }
        },
        {
          "title": "SKI ISA Safety Section",
          "id": "ski-isa-safety-section",
          "plugins": {
            "xwalk": {
              "page": {
                "resourceType": "core/franklin/components/block/v1/block/item",
                "template": {
                  "name": "Ski Isa Safety Section",
                  "model": "ski-isa-safety-section"
                }
              }
            }
          }
        },
        {
          "title": "SKI ISA Indications",
          "id": "ski-isa-indications",
          "plugins": {
            "xwalk": {
              "page": {
                "resourceType": "core/franklin/components/block/v1/block",
                "template": {
                  "name": "Ski Isa Indications",
                  "model": "ski-isa-indications",
                  "filter": "ski-isa-indications"
                }
              }
            }
          }
        },
        {
          "title": "SKI ISA Indication Item",
          "id": "ski-isa-indication-item",
          "plugins": {
            "xwalk": {
              "page": {
                "resourceType": "core/franklin/components/block/v1/block/item",
                "template": {
                  "name": "Ski Isa Indication Item",
                  "model": "ski-isa-indication-item"
                }
              }
            }
          }
        },
        {
          "title": "SKI ISA Navigation",
          "id": "ski-isa-nav",
          "plugins": {
            "xwalk": {
              "page": {
                "resourceType": "core/franklin/components/block/v1/block",
                "template": {
                  "name": "Ski Isa Nav",
                  "filter": "ski-isa-nav"
                }
              }
            }
          }
        },
        {
          "title": "SKI ISA Nav Item",
          "id": "ski-isa-nav-item",
          "plugins": {
            "xwalk": {
              "page": {
                "resourceType": "core/franklin/components/block/v1/block/item",
                "template": {
                  "name": "Ski Isa Nav Item",
                  "model": "ski-isa-nav-item"
                }
              }
            }
          }
        }
      ]
    },
    {
      "title": "SKYRIZI ISI Blocks",
      "id": "ski-isi-blocks",
      "components": [
        {
          "title": "SKI ISI Hero",
          "id": "ski-isi-hero",
          "plugins": {
            "xwalk": {
              "page": {
                "resourceType": "core/franklin/components/block/v1/block",
                "template": {
                  "name": "Ski Isi Hero",
                  "model": "ski-isi-hero",
                  "filter": "ski-isi-hero"
                }
              }
            }
          }
        },
        {
          "title": "SKI ISI Navigation",
          "id": "ski-isi-nav",
          "plugins": {
            "xwalk": {
              "page": {
                "resourceType": "core/franklin/components/block/v1/block",
                "template": {
                  "name": "Ski Isi Nav",
                  "filter": "ski-isi-nav"
                }
              }
            }
          }
        },
        {
          "title": "SKI ISI Stats",
          "id": "ski-isi-stats",
          "plugins": {
            "xwalk": {
              "page": {
                "resourceType": "core/franklin/components/block/v1/block",
                "template": {
                  "name": "Ski Isi Stats",
                  "model": "ski-isi-stats",
                  "filter": "ski-isi-stats"
                }
              }
            }
          }
        },
        {
          "title": "SKI ISI Comparison",
          "id": "ski-isi-comparison",
          "plugins": {
            "xwalk": {
              "page": {
                "resourceType": "core/franklin/components/block/v1/block",
                "template": {
                  "name": "Ski Isi Comparison",
                  "model": "ski-isi-comparison",
                  "filter": "ski-isi-comparison"
                }
              }
            }
          }
        },
        {
          "title": "SKI ISI Efficacy",
          "id": "ski-isi-efficacy",
          "plugins": {
            "xwalk": {
              "page": {
                "resourceType": "core/franklin/components/block/v1/block",
                "template": {
                  "name": "Ski Isi Efficacy",
                  "model": "ski-isi-efficacy",
                  "filter": "ski-isi-efficacy"
                }
              }
            }
          }
        },
        {
          "title": "SKI ISI Coverage",
          "id": "ski-isi-coverage",
          "plugins": {
            "xwalk": {
              "page": {
                "resourceType": "core/franklin/components/block/v1/block",
                "template": {
                  "name": "Ski Isi Coverage",
                  "model": "ski-isi-coverage"
                }
              }
            }
          }
        },
        {
          "title": "SKI ISI Support",
          "id": "ski-isi-support",
          "plugins": {
            "xwalk": {
              "page": {
                "resourceType": "core/franklin/components/block/v1/block",
                "template": {
                  "name": "Ski Isi Support",
                  "model": "ski-isi-support",
                  "filter": "ski-isi-support"
                }
              }
            }
          }
        },
        {
          "title": "SKI ISI Indications",
          "id": "ski-isi-indications",
          "plugins": {
            "xwalk": {
              "page": {
                "resourceType": "core/franklin/components/block/v1/block",
                "template": {
                  "name": "Ski Isi Indications",
                  "model": "ski-isi-indications",
                  "filter": "ski-isi-indications"
                }
              }
            }
          }
        },
        {
          "title": "SKI ISI Safety",
          "id": "ski-isi-safety",
          "plugins": {
            "xwalk": {
              "page": {
                "resourceType": "core/franklin/components/block/v1/block",
                "template": {
                  "name": "Ski Isi Safety",
                  "model": "ski-isi-safety",
                  "filter": "ski-isi-safety"
                }
              }
            }
          }
        },
        {
          "title": "SKI ISI Tabs",
          "id": "ski-isi-tabs",
          "plugins": {
            "xwalk": {
              "page": {
                "resourceType": "core/franklin/components/block/v1/block",
                "template": {
                  "name": "Ski Isi Tabs",
                  "filter": "ski-isi-tabs"
                }
              }
            }
          }
        },
        {
          "title": "SKI ISI Cards",
          "id": "ski-isi-cards",
          "plugins": {
            "xwalk": {
              "page": {
                "resourceType": "core/franklin/components/block/v1/block",
                "template": {
                  "name": "Ski Isi Cards",
                  "filter": "ski-isi-cards"
                }
              }
            }
          }
        },
        {
          "title": "SKI ISI Chart",
          "id": "ski-isi-chart",
          "plugins": {
            "xwalk": {
              "page": {
                "resourceType": "core/franklin/components/block/v1/block",
                "template": {
                  "name": "Ski Isi Chart",
                  "model": "ski-isi-chart",
                  "filter": "ski-isi-chart"
                }
              }
            }
          }
        }
      ]
    }
  ]
}