{
  "definitions": [
    {
      "title": "SKI ISI Comparison",
      "id": "ski-isi-comparison",
      "plugins": {
        "xwalk": {
          "page": {
            "resourceType": "core/franklin/components/block/v1/block",
            "template": {
              "name": "Ski Isi Comparison",
              "model": "ski-isi-comparison",
              "filter": "ski-isi-comparison"
            }
          }
        }
      }
    }
  ],
  "models": [
    {
      "id": "ski-isi-comparison",
      "fields": [
        {
          "component": "richtext",
          "valueType": "string",
          "name": "title",
          "label": "Title",
          "description": "Comparison section title"
        }
      ]
    },
    {
      "id": "ski-isi-comparison-row",
      "fields": [
        {
          "component": "text",
          "valueType": "string",
          "name": "label",
          "label": "Row Label"
        },
        {
          "component": "richtext",
          "valueType": "string",
          "name": "value1",
          "label": "Value 1"
        },
        {
          "component": "richtext",
          "valueType": "string",
          "name": "value2",
          "label": "Value 2"
        }
      ]
    }
  ],
  "filters": [
    {
      "id": "ski-isi-comparison",
      "components": ["ski-isi-comparison-row"]
    }
  ]
}
