[
  {
    "id": "main",
    "components": [
      "section"
    ]
  },
  {
    "id": "section",
    "components": [
      "text",
      "image",
      "button",
      "title",
      "hero",
      "cards",
      "columns",
      "fragment",
      "stats",
      "tabs",
      "isi",
      "ski-isa-hero",
      "ski-isa-coverage",
      "ski-isa-support",
      "ski-isa-safety",
      "ski-isa-indications",
      "ski-isa-nav"
    ]
  },
  {
    "id": "cards",
    "components": [
      "card"
    ]
  },
  {
    "id": "columns",
    "components": [
      "column"
    ]
  },
  {
    "id": "column",
    "components": [
      "text",
      "image",
      "button",
      "title"
    ]
  },
  {
    "id": "stats",
    "components": [
      "stat-item"
    ]
  },
  {
    "id": "tabs",
    "components": [
      "tab"
    ]
  },
  {
    "id": "isi",
    "components": [
      "isi-section"
    ]
  },
  {
    "id": "navigation",
    "components": [
      "nav-item",
      "utility-nav"
    ]
  },
  {
    "id": "ski-isa-support",
    "components": [
      "ski-isa-support-card"
    ]
  },
  {
    "id": "ski-isa-safety",
    "components": [
      "ski-isa-safety-section"
    ]
  },
  {
    "id": "ski-isa-indications",
    "components": [
      "ski-isa-indication-item"
    ]
  },
  {
    "id": "ski-isa-nav",
    "components": [
      "ski-isa-nav-item"
    ]
  }
]