[
  {
    "id": "page-metadata",
    "fields": [
      {
        "component": "text",
        "valueType": "string",
        "name": "jcr:title",
        "label": "Title"
      },
      {
        "component": "text",
        "valueType": "string",
        "name": "jcr:description",
        "label": "Description"
      },
      {
        "component": "text",
        "valueType": "string",
        "name": "keywords",
        "multi": true,
        "label": "Keywords"
      }
    ]
  },
  {
    "id": "image",
    "fields": [
      {
        "component": "reference",
        "name": "image",
        "label": "Image",
        "multi": false
      },
      {
        "component": "text",
        "name": "imageAlt",
        "label": "Alt Text"
      }
    ]
  },
  {
    "id": "title",
    "fields": [
      {
        "component": "text",
        "name": "title",
        "label": "Title"
      },
      {
        "component": "select",
        "name": "titleType",
        "label": "Title Type",
        "options": [
          {
            "name": "h1",
            "value": "h1"
          },
          {
            "name": "h2",
            "value": "h2"
          },
          {
            "name": "h3",
            "value": "h3"
          },
          {
            "name": "h4",
            "value": "h4"
          },
          {
            "name": "h5",
            "value": "h5"
          },
          {
            "name": "h6",
            "value": "h6"
          }
        ]
      }
    ]
  },
  {
    "id": "button",
    "fields": [
      {
        "component": "aem-content",
        "name": "link",
        "label": "Link"
      },
      {
        "component": "text",
        "name": "linkText",
        "label": "Text"
      },
      {
        "component": "text",
        "name": "linkTitle",
        "label": "Title"
      },
      {
        "component": "select",
        "name": "linkType",
        "label": "Type",
        "options": [
          {
            "name": "default",
            "value": ""
          },
          {
            "name": "primary",
            "value": "primary"
          },
          {
            "name": "secondary",
            "value": "secondary"
          }
        ]
      }
    ]
  },
  {
    "id": "section",
    "fields": [
      {
        "component": "text",
        "name": "name",
        "label": "Section Name",
        "description": "The label shown for this section in the Content Tree"
      },
      {
        "component": "multiselect",
        "name": "style",
        "label": "Style",
        "options": [
          {
            "name": "Highlight",
            "value": "highlight"
          }
        ]
      }
    ]
  },
  {
    "id": "card",
    "fields": [
      {
        "component": "reference",
        "valueType": "string",
        "name": "image",
        "label": "Image",
        "multi": false
      },
      {
        "component": "richtext",
        "name": "text",
        "value": "",
        "label": "Text",
        "valueType": "string"
      }
    ]
  },
  {
    "id": "columns",
    "fields": [
      {
        "component": "text",
        "valueType": "number",
        "name": "columns",
        "value": "",
        "label": "Columns"
      },
      {
        "component": "text",
        "valueType": "number",
        "name": "rows",
        "value": "",
        "label": "Rows"
      }
    ]
  },
  {
    "id": "fragment",
    "fields": [
      {
        "component": "aem-content",
        "name": "reference",
        "label": "Reference"
      }
    ]
  },
  {
    "id": "hero",
    "fields": [
      {
        "component": "reference",
        "valueType": "string",
        "name": "image",
        "label": "Image",
        "multi": false
      },
      {
        "component": "text",
        "valueType": "string",
        "name": "imageAlt",
        "label": "Alt",
        "value": ""
      },
      {
        "component": "richtext",
        "name": "text",
        "value": "",
        "label": "Text",
        "valueType": "string"
      }
    ]
  },
  {
    "id": "stat-item",
    "fields": [
      {
        "component": "text",
        "valueType": "string",
        "name": "label",
        "label": "Label",
        "description": "Treatment or comparator name (e.g., VEN+AZA)"
      },
      {
        "component": "text",
        "valueType": "string",
        "name": "value",
        "label": "Value",
        "description": "Statistical value (e.g., 14.7 months)"
      },
      {
        "component": "text",
        "valueType": "string",
        "name": "confidenceInterval",
        "label": "Confidence Interval",
        "description": "CI range (e.g., 95% CI: 11.9, 18.7)"
      }
    ]
  },
  {
    "id": "tab",
    "fields": [
      {
        "component": "text",
        "valueType": "string",
        "name": "title",
        "label": "Tab Title",
        "description": "The label shown on the tab button"
      },
      {
        "component": "richtext",
        "valueType": "string",
        "name": "content",
        "label": "Tab Content",
        "description": "Content displayed when this tab is active"
      }
    ]
  },
  {
    "id": "isi-section",
    "fields": [
      {
        "component": "text",
        "valueType": "string",
        "name": "title",
        "label": "Section Title",
        "description": "Safety information section title (e.g., Tumor Lysis Syndrome)"
      },
      {
        "component": "richtext",
        "valueType": "string",
        "name": "content",
        "label": "Section Content",
        "description": "Detailed safety information content"
      }
    ]
  },
  {
    "id": "navigation",
    "fields": [
      {
        "component": "reference",
        "valueType": "string",
        "name": "logo",
        "label": "Logo",
        "description": "Brand logo image"
      },
      {
        "component": "text",
        "valueType": "string",
        "name": "logoAlt",
        "label": "Logo Alt Text",
        "description": "Alternative text for logo"
      },
      {
        "component": "aem-content",
        "name": "logoLink",
        "label": "Logo Link",
        "description": "Link when clicking the logo"
      }
    ]
  },
  {
    "id": "nav-item",
    "fields": [
      {
        "component": "text",
        "valueType": "string",
        "name": "label",
        "label": "Label",
        "description": "Navigation item label"
      },
      {
        "component": "aem-content",
        "name": "link",
        "label": "Link",
        "description": "Navigation item URL"
      },
      {
        "component": "select",
        "name": "type",
        "label": "Type",
        "options": [
          {
            "name": "Primary",
            "value": "primary"
          },
          {
            "name": "Utility",
            "value": "utility"
          },
          {
            "name": "External",
            "value": "external"
          }
        ]
      },
      {
        "component": "boolean",
        "name": "openInNewTab",
        "label": "Open in New Tab",
        "description": "Open link in a new browser tab"
      }
    ]
  },
  {
    "id": "utility-nav",
    "fields": [
      {
        "component": "text",
        "valueType": "string",
        "name": "label",
        "label": "Label",
        "description": "Utility navigation item label"
      },
      {
        "component": "aem-content",
        "name": "link",
        "label": "Link",
        "description": "Utility navigation item URL"
      },
      {
        "component": "select",
        "name": "style",
        "label": "Style",
        "options": [
          {
            "name": "Default",
            "value": "default"
          },
          {
            "name": "Highlight",
            "value": "highlight"
          },
          {
            "name": "Button",
            "value": "button"
          }
        ]
      }
    ]
  },
  {
    "id": "ski-isa-hero",
    "fields": [
      {
        "component": "reference",
        "valueType": "string",
        "name": "logo",
        "label": "Logo Image",
        "description": "SKYRIZI brand logo",
        "multi": false
      },
      {
        "component": "richtext",
        "valueType": "string",
        "name": "headline",
        "label": "Headline",
        "description": "Main hero headline with safety information title"
      },
      {
        "component": "richtext",
        "valueType": "string",
        "name": "subtitle",
        "label": "Subtitle",
        "description": "Optional subtitle or description"
      }
    ]
  },
  {
    "id": "ski-isa-coverage",
    "fields": [
      {
        "component": "richtext",
        "valueType": "string",
        "name": "title",
        "label": "Title",
        "description": "Main headline for coverage section"
      },
      {
        "component": "text",
        "valueType": "string",
        "name": "commercialLabel",
        "label": "Commercial Label",
        "value": "Commercial"
      },
      {
        "component": "text",
        "valueType": "string",
        "name": "commercialPercentage",
        "label": "Commercial Percentage",
        "description": "e.g., 99%"
      },
      {
        "component": "richtext",
        "valueType": "string",
        "name": "commercialDescription",
        "label": "Commercial Description"
      },
      {
        "component": "text",
        "valueType": "string",
        "name": "medicareLabel",
        "label": "Medicare Label",
        "value": "Medicare Part D"
      },
      {
        "component": "text",
        "valueType": "string",
        "name": "medicarePercentage",
        "label": "Medicare Percentage",
        "description": "e.g., 97%"
      },
      {
        "component": "richtext",
        "valueType": "string",
        "name": "medicareDescription",
        "label": "Medicare Description"
      },
      {
        "component": "richtext",
        "valueType": "string",
        "name": "benefits",
        "label": "Benefits List",
        "description": "List of coverage benefits"
      },
      {
        "component": "richtext",
        "valueType": "string",
        "name": "footnote",
        "label": "Footnote",
        "description": "Disclaimer text"
      }
    ]
  },
  {
    "id": "ski-isa-support",
    "fields": [
      {
        "component": "richtext",
        "valueType": "string",
        "name": "title",
        "label": "Title",
        "description": "Section title"
      },
      {
        "component": "richtext",
        "valueType": "string",
        "name": "ctaText",
        "label": "CTA Text",
        "description": "Call to action button text"
      },
      {
        "component": "aem-content",
        "name": "ctaLink",
        "label": "CTA Link"
      },
      {
        "component": "richtext",
        "valueType": "string",
        "name": "footnotes",
        "label": "Footnotes",
        "description": "Legal footnotes and disclaimers"
      }
    ]
  },
  {
    "id": "ski-isa-support-card",
    "fields": [
      {
        "component": "reference",
        "valueType": "string",
        "name": "icon",
        "label": "Icon",
        "description": "Card icon image",
        "multi": false
      },
      {
        "component": "text",
        "valueType": "string",
        "name": "title",
        "label": "Card Title",
        "description": "e.g., AFFORDABILITY"
      },
      {
        "component": "richtext",
        "valueType": "string",
        "name": "description",
        "label": "Description",
        "description": "Card description text"
      }
    ]
  },
  {
    "id": "ski-isa-safety",
    "fields": [
      {
        "component": "richtext",
        "valueType": "string",
        "name": "title",
        "label": "Title",
        "description": "Safety section main title"
      }
    ]
  },
  {
    "id": "ski-isa-safety-section",
    "fields": [
      {
        "component": "text",
        "valueType": "string",
        "name": "title",
        "label": "Section Title",
        "description": "e.g., Hypersensitivity Reactions, Infection"
      },
      {
        "component": "richtext",
        "valueType": "string",
        "name": "content",
        "label": "Section Content",
        "description": "Safety information content"
      }
    ]
  },
  {
    "id": "ski-isa-indications",
    "fields": [
      {
        "component": "text",
        "valueType": "string",
        "name": "title",
        "label": "Title",
        "value": "Indications"
      },
      {
        "component": "richtext",
        "valueType": "string",
        "name": "piLink",
        "label": "PI Link Text",
        "description": "Prescribing Information link text"
      },
      {
        "component": "aem-content",
        "name": "piUrl",
        "label": "PI Link URL",
        "description": "URL to Full Prescribing Information PDF"
      }
    ]
  },
  {
    "id": "ski-isa-indication-item",
    "fields": [
      {
        "component": "text",
        "valueType": "string",
        "name": "condition",
        "label": "Condition",
        "description": "e.g., Plaque Psoriasis, Psoriatic Arthritis"
      },
      {
        "component": "richtext",
        "valueType": "string",
        "name": "description",
        "label": "Description",
        "description": "Indication description text"
      }
    ]
  },
  {
    "id": "ski-isa-nav-item",
    "fields": [
      {
        "component": "text",
        "valueType": "string",
        "name": "label",
        "label": "Label",
        "description": "Navigation item label (e.g., OVERVIEW, DOSING)"
      },
      {
        "component": "aem-content",
        "name": "link",
        "label": "Link",
        "description": "Navigation item URL"
      },
      {
        "component": "boolean",
        "name": "isActive",
        "label": "Active",
        "description": "Mark as current/active page"
      }
    ]
  },
  {
    "id": "ski-isi-hero",
    "fields": [
      {
        "component": "reference",
        "valueType": "string",
        "name": "logo",
        "label": "Logo Image",
        "multi": false
      }
    ]
  },
  {
    "id": "ski-isi-hero-isi-line",
    "fields": [
      {
        "component": "text",
        "valueType": "string",
        "name": "toggleText",
        "label": "Toggle Text"
      },
      {
        "component": "richtext",
        "valueType": "string",
        "name": "isiContent",
        "label": "ISI Content"
      }
    ]
  },
  {
    "id": "ski-isi-nav-item",
    "fields": [
      {
        "component": "text",
        "valueType": "string",
        "name": "label",
        "label": "Label"
      },
      {
        "component": "aem-content",
        "name": "link",
        "label": "Link"
      },
      {
        "component": "boolean",
        "name": "isActive",
        "label": "Active"
      }
    ]
  },
  {
    "id": "ski-isi-stats",
    "fields": [
      {
        "component": "richtext",
        "valueType": "string",
        "name": "title",
        "label": "Section Title"
      }
    ]
  },
  {
    "id": "ski-isi-stat-item",
    "fields": [
      {
        "component": "text",
        "valueType": "string",
        "name": "value",
        "label": "Value"
      },
      {
        "component": "text",
        "valueType": "string",
        "name": "label",
        "label": "Label"
      },
      {
        "component": "richtext",
        "valueType": "string",
        "name": "description",
        "label": "Description"
      }
    ]
  },
  {
    "id": "ski-isi-comparison",
    "fields": [
      {
        "component": "richtext",
        "valueType": "string",
        "name": "title",
        "label": "Title"
      }
    ]
  },
  {
    "id": "ski-isi-comparison-row",
    "fields": [
      {
        "component": "text",
        "valueType": "string",
        "name": "label",
        "label": "Row Label"
      },
      {
        "component": "richtext",
        "valueType": "string",
        "name": "value1",
        "label": "Value 1"
      },
      {
        "component": "richtext",
        "valueType": "string",
        "name": "value2",
        "label": "Value 2"
      }
    ]
  },
  {
    "id": "ski-isi-efficacy",
    "fields": [
      {
        "component": "richtext",
        "valueType": "string",
        "name": "title",
        "label": "Title"
      },
      {
        "component": "richtext",
        "valueType": "string",
        "name": "footnote",
        "label": "Footnote"
      }
    ]
  },
  {
    "id": "ski-isi-efficacy-item",
    "fields": [
      {
        "component": "text",
        "valueType": "string",
        "name": "label",
        "label": "Label"
      },
      {
        "component": "text",
        "valueType": "string",
        "name": "value",
        "label": "Value"
      },
      {
        "component": "richtext",
        "valueType": "string",
        "name": "description",
        "label": "Description"
      }
    ]
  },
  {
    "id": "ski-isi-coverage",
    "fields": [
      {
        "component": "richtext",
        "valueType": "string",
        "name": "title",
        "label": "Title"
      },
      {
        "component": "text",
        "valueType": "string",
        "name": "tab1",
        "label": "Tab 1",
        "value": "Overview"
      },
      {
        "component": "text",
        "valueType": "string",
        "name": "tab2",
        "label": "Tab 2",
        "value": "National"
      },
      {
        "component": "text",
        "valueType": "string",
        "name": "tab3",
        "label": "Tab 3",
        "value": "Local"
      },
      {
        "component": "richtext",
        "valueType": "string",
        "name": "footnote",
        "label": "Footnote"
      }
    ]
  },
  {
    "id": "ski-isi-support",
    "fields": [
      {
        "component": "richtext",
        "valueType": "string",
        "name": "title",
        "label": "Title"
      },
      {
        "component": "richtext",
        "valueType": "string",
        "name": "ctaText",
        "label": "CTA Text"
      },
      {
        "component": "aem-content",
        "name": "ctaLink",
        "label": "CTA Link"
      },
      {
        "component": "richtext",
        "valueType": "string",
        "name": "footnotes",
        "label": "Footnotes"
      }
    ]
  },
  {
    "id": "ski-isi-support-card",
    "fields": [
      {
        "component": "text",
        "valueType": "string",
        "name": "icon",
        "label": "Icon Key"
      },
      {
        "component": "text",
        "valueType": "string",
        "name": "title",
        "label": "Card Title"
      },
      {
        "component": "richtext",
        "valueType": "string",
        "name": "description",
        "label": "Description"
      }
    ]
  },
  {
    "id": "ski-isi-indications",
    "fields": [
      {
        "component": "text",
        "valueType": "string",
        "name": "title",
        "label": "Title",
        "value": "Indications"
      },
      {
        "component": "richtext",
        "valueType": "string",
        "name": "piLink",
        "label": "PI Link Text"
      },
      {
        "component": "aem-content",
        "name": "piUrl",
        "label": "PI Link URL"
      }
    ]
  },
  {
    "id": "ski-isi-indication-item",
    "fields": [
      {
        "component": "text",
        "valueType": "string",
        "name": "condition",
        "label": "Condition"
      },
      {
        "component": "richtext",
        "valueType": "string",
        "name": "description",
        "label": "Description"
      }
    ]
  },
  {
    "id": "ski-isi-safety",
    "fields": [
      {
        "component": "richtext",
        "valueType": "string",
        "name": "title",
        "label": "Section Title"
      }
    ]
  },
  {
    "id": "ski-isi-safety-section",
    "fields": [
      {
        "component": "text",
        "valueType": "string",
        "name": "heading",
        "label": "Heading"
      },
      {
        "component": "richtext",
        "valueType": "string",
        "name": "content",
        "label": "Content"
      }
    ]
  },
  {
    "id": "ski-isi-tab-item",
    "fields": [
      {
        "component": "text",
        "valueType": "string",
        "name": "label",
        "label": "Tab Label"
      },
      {
        "component": "richtext",
        "valueType": "string",
        "name": "content",
        "label": "Tab Content"
      }
    ]
  },
  {
    "id": "ski-isi-card-item",
    "fields": [
      {
        "component": "reference",
        "valueType": "string",
        "name": "image",
        "label": "Card Image",
        "multi": false
      },
      {
        "component": "text",
        "valueType": "string",
        "name": "title",
        "label": "Title"
      },
      {
        "component": "richtext",
        "valueType": "string",
        "name": "description",
        "label": "Description"
      },
      {
        "component": "aem-content",
        "name": "link",
        "label": "Link"
      }
    ]
  },
  {
    "id": "ski-isi-chart",
    "fields": [
      {
        "component": "richtext",
        "valueType": "string",
        "name": "title",
        "label": "Chart Title"
      }
    ]
  },
  {
    "id": "ski-isi-chart-data",
    "fields": [
      {
        "component": "text",
        "valueType": "string",
        "name": "label",
        "label": "Data Label"
      },
      {
        "component": "text",
        "valueType": "string",
        "name": "value",
        "label": "Value"
      },
      {
        "component": "text",
        "valueType": "string",
        "name": "color",
        "label": "Bar Color",
        "value": "#10a4de"
      }
    ]
  }
]